,City,Cloudiness,Country,Date,Humidity,Lat,Lng,Max Temp,Wind Speed
0,hilo,20,US,1560211527,58,19.71,-155.08,84.2,12.75
1,saint-augustin,100,FR,1560211755,87,44.83,-0.61,55.99,3.36
2,kapaa,40,US,1560211683,66,22.08,-159.32,84.2,10.29
3,riyadh,0,SA,1560211626,13,24.63,46.72,87.8,5.23
4,bredasdorp,9,ZA,1560211755,87,-34.53,20.04,44.6,4.7
5,rorvik,100,NO,1560211755,83,64.86,11.24,46.0,12.73
6,luderitz,0,NA,1560211755,54,-26.65,15.16,57.2,2.24
7,busselton,55,AU,1560211756,72,-33.64,115.35,48.99,31.79
8,shakawe,0,BW,1560211756,56,-18.36,21.84,53.69,5.86
9,birjand,0,IR,1560211756,31,32.86,59.22,60.8,9.17
10,vao,81,EE,1560211756,83,59.1,26.19,50.09,3.36
11,esperance,20,TT,1560211756,69,10.24,-61.45,82.0,3.36
12,chuy,100,UY,1560211757,96,-33.69,-53.46,64.67,5.46
13,krivosheino,100,RU,1560211757,72,57.34,83.93,52.07,6.69
14,prince rupert,90,CA,1560211700,93,54.32,-130.32,53.6,6.93
15,banepa,75,NP,1560211757,88,27.63,85.52,68.0,3.56
16,luganville,20,VU,1560211757,74,-15.51,167.18,78.8,6.93
17,trapani,71,IT,1560211758,94,38.02,12.54,77.0,3.36
18,port hedland,0,AU,1560211588,93,-20.31,118.58,57.2,6.93
19,la ronge,20,CA,1560211758,27,55.1,-105.3,64.4,14.99
20,codrington,0,AU,1560211758,87,-28.95,153.24,68.0,6.93
21,east london,0,ZA,1560211758,73,-33.02,27.91,54.77,4.63
22,estelle,75,US,1560211605,39,32.87,-97.01,80.01,17.22
23,rikitea,83,PF,1560211758,74,-23.12,-134.97,71.69,9.28
24,tuktoyaktuk,40,CA,1560211759,86,69.44,-133.03,41.0,8.05
25,parabel,98,RU,1560211759,68,58.71,81.5,45.41,8.41
26,new norfolk,40,AU,1560211759,62,-42.78,147.06,59.0,10.29
27,sorong,100,ID,1560211759,91,-0.86,131.25,81.59,1.19
28,albany,90,US,1560211512,88,42.65,-73.75,69.01,6.93
29,kodiak,1,US,1560211632,1,39.95,-94.76,80.6,4.7
30,cayenne,0,GF,1560211760,94,4.94,-52.33,75.2,6.33
31,bubaque,100,GW,1560211659,86,11.28,-15.83,79.97,16.22
32,klaksvik,100,FO,1560211760,75,62.23,-6.59,44.6,14.99
33,coahuayana,100,MX,1560211760,42,18.62,-100.35,94.91,1.36
34,aksarka,100,RU,1560211760,63,66.56,67.8,41.45,11.1
35,mnogovershinnyy,35,RU,1560211760,71,53.94,139.92,46.67,5.66
36,hobyo,93,SO,1560211761,62,5.35,48.53,80.33,23.4
37,orumiyeh,40,IR,1560211761,77,37.55,45.08,62.6,9.17
38,chokurdakh,0,RU,1560211761,26,70.62,147.9,74.39,16.26
39,hofn,8,IS,1560211761,91,64.25,-15.21,35.15,3.65
40,sinop,91,TR,1560211762,86,42.03,35.15,68.99,2.33
41,manama,70,AE,1560211641,66,25.33,56.02,96.8,5.82
42,port alfred,0,ZA,1560211597,91,-33.59,26.89,55.0,3.0
43,cabo san lucas,5,MX,1560211717,45,22.89,-109.91,91.99,17.22
44,avarua,93,CK,1560211762,78,-21.21,-159.78,78.8,12.75
45,staryy nadym,95,RU,1560211650,53,65.61,72.68,38.93,8.37
46,manali,75,IN,1560211762,78,32.25,77.19,25.97,8.48
47,mar del plata,0,AR,1560211762,58,-46.43,-67.52,37.85,15.32
48,ushuaia,40,AR,1560211763,80,-54.81,-68.31,33.8,31.09
49,mataura,92,NZ,1560211763,70,-46.19,168.86,53.51,5.44
50,priiskovyy,26,RU,1560211763,52,51.93,116.63,71.69,4.99
51,puerto ayora,75,EC,1560211763,78,-0.74,-90.35,77.0,17.22
52,nioro,98,GM,1560211764,50,13.79,-15.05,83.75,14.83
53,wenatchee,1,US,1560211674,23,47.42,-120.31,84.2,16.11
54,nikolskoye,0,RU,1560211598,54,59.7,30.79,59.0,6.71
55,pochutla,75,MX,1560211764,59,15.74,-96.47,89.6,6.93
56,belmonte,92,PT,1560211764,82,40.36,-7.35,54.0,4.0
57,natal,75,BR,1560211570,88,-5.81,-35.21,77.0,5.82
58,rincon,40,US,1560211531,83,32.3,-81.24,82.0,1.66
59,ambilobe,73,MG,1560211765,63,-13.19,49.05,73.31,5.21
60,kahului,40,US,1560211708,48,20.89,-156.47,89.6,13.87
61,bethel,20,US,1560211562,59,60.79,-161.76,62.6,14.99
62,imbituba,0,BR,1560211765,83,-28.24,-48.67,69.8,9.17
63,narsaq,99,GL,1560211765,27,60.91,-46.05,53.6,31.09
64,thompson,75,CA,1560211598,50,55.74,-97.86,55.4,4.7
65,puerto el triunfo,20,SV,1560211766,74,13.27,-88.55,86.0,4.7
66,huarmey,41,PE,1560211766,94,-10.07,-78.15,63.41,18.41
67,treinta y tres,100,UY,1560211766,96,-33.23,-54.39,63.59,3.6
68,kaitangata,91,NZ,1560211766,83,-46.28,169.85,46.99,5.01
69,port elizabeth,75,US,1560211766,100,39.31,-74.98,75.99,5.82
70,cabras,100,CO,1560211766,88,5.5,-75.6,62.01,2.73
71,cherskiy,0,RU,1560211767,31,68.75,161.3,70.61,10.2
72,hasaki,75,JP,1560211767,77,35.73,140.83,64.4,12.75
73,yellowknife,75,CA,1560211767,43,62.45,-114.38,55.4,5.82
74,cerro azul,20,BR,1560211767,93,-24.82,-49.26,57.2,3.36
75,qaanaaq,100,GL,1560211767,73,77.48,-69.36,33.89,4.36
76,gimli,32,CA,1560211767,22,50.63,-96.99,68.0,9.33
77,ilam,0,IR,1560211768,35,33.64,46.42,71.6,4.7
78,souillac,0,FR,1560211768,87,45.6,-0.6,55.99,3.36
79,kawalu,89,ID,1560211768,93,-7.38,108.21,71.15,3.04
80,upernavik,0,GL,1560211768,84,72.79,-56.15,35.69,8.88
81,punta arenas,40,CL,1560211768,74,-53.16,-70.91,41.0,31.09
82,margate,40,AU,1560211769,62,-43.03,147.26,59.0,10.29
83,la foa,90,NC,1560211769,88,-21.71,165.83,68.0,1.12
84,saint george,40,GR,1560211769,77,39.45,22.34,71.6,3.49
85,georgetown,75,GY,1560211648,78,6.8,-58.16,82.4,11.41
86,bealanana,23,MG,1560211770,84,-14.54,48.75,59.99,9.01
87,pevek,0,RU,1560211770,76,69.7,170.27,41.81,2.73
88,constitucion,75,MX,1560211590,12,23.99,-104.67,86.0,13.87
89,komsomolskiy,99,RU,1560211770,78,67.55,63.78,33.89,8.86
90,necochea,63,AR,1560211770,66,-38.55,-58.74,53.01,11.01
91,mount isa,19,AU,1560211605,64,-20.73,139.49,73.4,12.75
92,gat,40,SN,1560211771,88,14.69,-16.54,75.2,10.29
93,madang,98,PG,1560211771,63,-5.21,145.81,82.13,2.13
94,ust-ilimsk,100,RU,1560211771,74,57.96,102.73,60.89,7.25
95,mingshui,100,CN,1560211771,88,22.81,109.89,81.23,4.0
96,butaritari,5,KI,1560211771,77,3.07,172.79,84.83,17.58
97,arraial do cabo,75,BR,1560211772,88,-22.97,-42.02,69.8,3.36
98,carauari,60,BR,1560211772,76,-4.88,-66.9,77.99,0.85
99,chake chake,3,TZ,1560211772,72,-5.25,39.77,82.49,22.59
100,kamaishi,75,JP,1560211772,87,39.28,141.86,55.4,1.12
101,srednekolymsk,0,RU,1560211649,31,67.46,153.71,70.25,12.97
102,jamestown,0,AU,1560211773,31,-33.21,138.6,59.27,9.91
103,padang,40,ID,1560211773,94,-0.92,100.36,78.8,2.24
104,moroni,6,US,1560211773,22,39.52,-111.59,80.01,1.01
105,homer,20,US,1560211483,66,59.64,-151.54,71.01,14.99
106,hobart,40,AU,1560211506,62,-42.88,147.33,59.0,10.29
107,naze,20,NG,1560211774,94,5.43,7.07,77.0,4.7
108,cape town,20,ZA,1560211523,76,-33.93,18.42,57.99,10.29
109,shirakamut,20,AM,1560211774,87,40.85,44.16,51.8,3.78
110,bluff,0,AU,1560211774,64,-23.58,149.07,70.07,6.58
111,taoudenni,9,ML,1560211774,6,22.68,-3.98,99.95,13.35
112,tasiilaq,69,GL,1560211774,45,65.61,-37.64,44.6,13.87
113,ancud,75,CL,1560211775,100,-41.87,-73.83,39.2,1.12
114,slonim,63,BY,1560211775,94,53.09,25.32,64.31,7.34
115,fortuna,0,ES,1560211640,93,38.18,-1.13,68.0,1.12
116,vaini,99,IN,1560211775,83,15.34,74.49,80.15,6.71
117,okhotsk,96,RU,1560211775,79,59.36,143.24,47.93,7.29
118,tual,97,ID,1560211775,81,-5.67,132.75,82.31,14.12
119,lebu,100,ET,1560211776,86,8.96,38.73,58.19,3.29
120,kolokani,100,ML,1560211776,73,13.58,-8.03,81.59,10.92
121,castro,75,CL,1560211776,100,-42.48,-73.76,39.2,1.12
122,mayo,90,CA,1560211777,71,63.59,-135.9,55.4,4.7
123,spassk-ryazanskiy,65,RU,1560211781,78,54.41,40.38,61.0,5.66
124,port lincoln,0,AU,1560211783,58,-34.72,135.86,62.33,24.43
125,nuuk,5,GL,1560211783,62,64.17,-51.74,53.6,5.82
126,yerbogachen,99,RU,1560211783,74,61.28,108.01,63.1,4.68
127,kudahuvadhoo,100,MV,1560211783,76,2.67,72.89,83.8,8.3
128,bathsheba,20,BB,1560211783,69,13.22,-59.52,82.4,17.22
129,moyeuvre-grande,0,FR,1560211784,100,49.25,6.05,57.0,6.93
130,pangai,75,TO,1560211784,88,-19.8,-174.35,77.0,17.22
131,fatehpur,60,PK,1560211784,13,31.18,71.21,98.38,7.58
132,ibia,66,NG,1560211784,90,5.18,6.32,74.44,3.24
133,nanortalik,98,GL,1560211785,64,60.14,-45.24,43.12,11.07
134,ribeira grande,0,PT,1560211785,80,38.52,-28.7,65.98,9.55
135,quatre cocos,75,MU,1560211785,83,-20.21,57.76,73.4,16.11
136,hovd,40,NO,1560211785,93,63.83,10.7,52.0,1.88
137,san juan,40,PR,1560211614,66,18.47,-66.12,84.2,11.41
138,saskylakh,90,RU,1560211594,71,71.97,114.09,50.45,11.12
139,aljezur,0,PT,1560211785,87,37.31,-8.8,62.01,1.01
140,hermanus,7,ZA,1560211786,87,-34.42,19.24,55.99,7.0
141,talcahuano,0,CL,1560211786,66,-36.72,-73.12,51.8,8.05
142,atuona,35,PF,1560211786,74,-9.8,-139.03,81.64,16.24
143,vila franca do campo,75,PT,1560211590,77,37.72,-25.43,66.2,4.7
144,berlevag,100,NO,1560211786,73,70.86,29.09,38.26,19.1
145,vila velha,40,BR,1560211786,74,-3.71,-38.6,82.4,16.11
146,sao joao da barra,75,BR,1560211787,78,-21.64,-41.05,73.4,2.55
147,bilma,0,NE,1560211787,10,18.69,12.92,87.4,10.8
148,juba,0,EE,1560211787,77,57.82,26.93,59.0,2.24
149,isangel,40,VU,1560211787,65,-19.55,169.27,77.0,6.93
150,tabou,88,CI,1560211788,90,4.42,-7.36,74.44,3.06
151,tutoia,41,BR,1560211788,94,-2.76,-42.27,74.8,2.33
152,saint anthony,1,US,1560211788,24,43.97,-111.68,71.6,10.29
153,carnarvon,0,ZA,1560211587,68,-30.97,22.13,45.95,2.66
154,mahibadhoo,100,MV,1560211788,80,3.78,72.97,83.26,11.27
155,barrow,50,AR,1560211789,59,-38.31,-60.23,46.54,3.2
156,bayangol,68,MN,1560211789,44,48.91,106.09,67.78,12.33
157,fairbanks,75,US,1560211600,37,64.84,-147.72,71.6,4.7
158,ahipara,99,NZ,1560211789,100,-35.17,173.16,57.0,9.06
159,ilulissat,0,GL,1560211566,75,69.22,-51.1,41.0,3.36
160,griffith,75,AU,1560211789,100,-34.29,146.06,51.8,6.93
161,kavaratti,100,IN,1560211789,78,10.57,72.64,84.34,30.38
162,ponta do sol,2,BR,1560211790,85,-20.63,-46.0,57.52,4.5
163,nhulunbuy,20,AU,1560211790,74,-12.18,136.78,80.6,18.34
164,ranong,40,TH,1560211790,88,9.96,98.62,78.8,2.24
165,acapulco,90,MX,1560211588,79,16.86,-99.88,86.0,6.93
166,cidreira,100,BR,1560211790,80,-30.17,-50.22,67.96,3.18
167,hithadhoo,88,MV,1560211790,79,-0.6,73.08,83.62,8.25
168,zapolyarnyy,100,RU,1560211791,93,69.43,30.82,33.8,21.92
169,sola,0,NO,1560211576,87,58.89,5.65,50.0,6.93
170,caravelas,100,BR,1560211791,89,-17.73,-39.27,73.36,6.73
171,athabasca,96,CA,1560211654,42,54.72,-113.29,64.85,5.35
172,bilibino,1,RU,1560211617,37,68.06,166.44,59.99,7.52
173,dunedin,93,NZ,1560211791,73,-45.87,170.5,55.99,1.01
174,grindavik,0,IS,1560211791,81,63.84,-22.43,48.2,2.24
175,synya,23,RU,1560211792,92,65.37,58.04,46.0,2.91
176,ust-tsilma,68,RU,1560211792,64,65.44,52.15,56.98,3.8
177,alofi,98,NU,1560211792,83,-19.06,-169.92,79.66,24.07
178,vagur,100,FO,1560211669,73,61.47,-6.81,45.41,21.18
179,gobabis,0,NA,1560211792,35,-22.45,18.97,57.2,5.82
180,martinsburg,90,US,1560211792,77,39.46,-77.96,71.01,3.36
181,broome,100,GB,1560211793,93,52.47,1.45,57.0,16.11
182,marzuq,70,YE,1560211793,43,14.4,46.47,81.1,6.46
183,tuatapere,82,NZ,1560211793,78,-46.13,167.69,52.84,9.24
184,nemuro,75,JP,1560211793,82,43.32,145.57,57.2,10.29
185,havoysund,75,NO,1560211793,80,71.0,24.66,35.6,19.46
186,kodinsk,84,RU,1560211793,57,58.6,99.18,60.22,10.0
187,torbay,90,CA,1560211599,75,47.66,-52.73,45.0,21.92
188,rapar,0,IN,1560211794,76,23.57,70.65,83.98,14.09
189,tortoli,5,IT,1560211596,94,39.93,9.66,68.0,25.28
190,lorengau,88,PG,1560211794,71,-2.02,147.27,86.14,8.5
191,casablanca,20,MA,1560211794,82,33.6,-7.62,66.0,9.17
192,najran,0,SA,1560211794,30,17.54,44.22,80.6,3.04
193,oxford,40,US,1560211795,55,33.61,-85.83,86.0,5.82
194,winnemucca,1,US,1560211795,9,40.97,-117.74,86.0,6.93
195,kinkala,31,CG,1560211795,74,-4.35,14.75,70.48,2.3
196,touros,75,BR,1560211795,94,-5.2,-35.46,77.0,4.7
197,tiksi,0,RU,1560211796,49,71.64,128.87,58.24,14.16
198,sitka,76,US,1560211796,36,37.17,-99.65,73.0,1.01
199,gashua,60,NG,1560211796,30,12.87,11.04,94.24,6.17
200,airai,59,TL,1560211796,56,-8.93,125.41,80.74,5.77
201,bardsir,0,IR,1560211796,24,29.93,56.57,71.6,13.87
202,okha,97,RU,1560211796,92,53.59,142.95,39.34,8.14
203,la maddalena,0,IT,1560211797,88,39.15,9.02,69.8,9.17
204,saint simons,40,US,1560211797,88,31.14,-81.39,82.4,5.82
205,beringovskiy,66,RU,1560211608,45,63.05,179.32,62.15,1.92
206,maningrida,99,AU,1560211797,71,-12.05,134.23,80.02,11.79
207,clyde river,75,CA,1560211797,86,70.47,-68.59,39.2,19.46
208,okato,99,NZ,1560211798,80,-39.19,173.88,61.0,5.99
209,kathu,0,ZA,1560211798,77,-27.7,23.05,44.01,6.22
210,lao cai,100,VN,1560211798,94,22.48,103.95,67.42,2.8
211,tezu,16,IN,1560211792,58,27.93,96.16,76.42,3.04
212,coihaique,75,CL,1560211799,74,-45.58,-72.07,37.4,4.7
213,abu dhabi,5,AE,1560211799,65,24.47,54.37,87.8,2.24
214,gorontalo,100,ID,1560211799,89,0.54,123.06,78.4,1.54
215,morant bay,20,JM,1560211799,66,17.88,-76.41,86.0,21.92
216,takoradi,38,GH,1560211799,82,4.89,-1.75,76.24,3.51
217,joshimath,0,IN,1560211799,19,30.57,79.57,51.4,7.99
218,lakes entrance,0,AU,1560211800,76,-37.88,147.99,55.0,3.29
219,victoria,75,BN,1560211800,88,5.28,115.24,82.4,1.12
220,umm kaddadah,63,SD,1560211800,41,13.6,26.69,89.2,11.83
221,bambous virieux,75,MU,1560211592,83,-20.34,57.76,73.4,16.11
222,moerai,15,PF,1560211801,86,-22.43,-151.33,75.52,20.76
223,dikson,81,RU,1560211801,94,73.51,80.55,31.42,9.93
224,khatanga,91,RU,1560211801,69,71.98,102.47,39.16,9.31
225,graciano sanchez,75,MX,1560211801,69,23.92,-99.28,80.6,13.87
226,ayan,95,TR,1560211801,85,40.67,33.6,55.36,1.5
227,vallenar,53,CL,1560211802,66,-28.58,-70.76,57.34,0.89
228,nara,75,JP,1560211802,77,34.68,135.8,75.0,5.82
229,flin flon,40,CA,1560211802,71,54.77,-101.88,53.6,8.05
230,zhigansk,96,RU,1560211802,54,66.77,123.37,65.26,21.81
231,dire,95,ET,1560211802,88,9.18,38.92,57.34,3.27
232,bogotol,75,RU,1560211803,87,56.21,89.53,57.16,10.11
233,sobolevo,0,RU,1560211803,66,54.43,31.9,59.86,5.59
234,katangli,96,RU,1560211803,82,51.71,143.23,44.74,7.02
235,kodinar,7,IN,1560211803,87,20.79,70.7,81.82,6.08
236,magadan,100,RU,1560211803,76,59.56,150.8,46.54,3.2
237,lata,9,IN,1560211604,56,30.78,78.62,37.85,8.32
238,sasykoli,0,RU,1560211804,39,47.55,47.0,70.66,4.72
239,dalnegorsk,8,RU,1560211804,57,44.56,135.58,66.34,4.21
240,saldanha,71,PT,1560211804,74,41.42,-6.55,52.3,6.89
241,marsa matruh,40,EG,1560211804,88,31.35,27.25,69.8,4.7
242,waipawa,54,NZ,1560211804,62,-39.94,176.59,60.01,5.01
243,geraldton,75,CA,1560211805,44,49.72,-86.95,60.8,12.75
244,alekseyevskoye,1,RU,1560211805,55,45.2,43.58,67.06,10.02
245,ishcherskaya,0,RU,1560211805,72,43.72,45.13,64.4,4.47
246,batagay-alyta,16,RU,1560211805,34,67.8,130.41,64.0,14.67
247,kibaya,40,RW,1560211805,63,-2.2,30.56,66.2,2.46
248,kitimat,90,CA,1560211805,87,54.02,-128.69,55.99,11.41
249,petropavlovsk-kamchatskiy,75,RU,1560211806,81,53.05,158.65,46.4,11.18
250,goderich,62,CA,1560211806,93,43.74,-81.71,55.99,13.91
251,chicama,90,PE,1560211806,88,-7.84,-79.15,66.2,9.17
252,deputatskiy,5,RU,1560211806,26,69.3,139.9,70.48,10.2
253,longyearbyen,0,NO,1560211806,56,78.22,15.63,42.8,2.24
254,gizo,0,IL,1560211807,47,31.8,34.94,75.99,3.36
255,san quintin,87,PH,1560211807,67,17.54,120.52,85.42,5.73
256,khorixas,0,NA,1560211807,17,-20.37,14.96,68.68,4.18
257,portland,20,US,1560211710,32,45.52,-122.67,86.0,16.11
258,cabedelo,75,BR,1560211725,94,-6.97,-34.84,77.0,10.29
259,kichmengskiy gorodok,0,RU,1560211808,75,59.99,45.81,53.38,5.86
260,yuli,99,NG,1560211808,64,10.52,9.86,78.76,6.13
261,rocha,84,UY,1560211526,96,-34.48,-54.34,60.17,4.38
262,cap malheureux,75,MU,1560211808,83,-19.98,57.61,73.4,16.11
263,hay river,20,CA,1560211808,27,60.82,-115.79,62.6,4.7
264,severo-kurilsk,99,RU,1560211808,94,50.68,156.12,41.5,6.93
265,panlaitan,100,PH,1560211809,80,12.12,119.85,84.7,11.25
266,gamba,1,CN,1560211809,58,28.28,88.52,35.56,4.09
267,petropavl,4,KZ,1560211809,90,54.87,69.13,62.38,5.32
268,elban,100,RU,1560211809,62,50.1,136.51,60.04,13.27
269,tura,22,IN,1560211810,89,25.52,90.21,78.94,4.07
270,yulara,0,AU,1560211810,51,-25.24,130.99,60.8,4.7
271,comodoro rivadavia,0,AR,1560211810,60,-45.87,-67.48,41.0,5.82
272,rawson,0,AR,1560211810,38,-43.3,-65.11,41.86,8.12
273,xicotencatl,72,MX,1560211810,71,23.02,-98.88,88.0,3.0
274,catania,0,IT,1560211811,64,37.5,15.09,75.0,1.12
275,bulawayo,0,ZW,1560211811,91,-20.16,28.59,50.86,7.7
276,aklavik,40,CA,1560211811,58,68.22,-135.01,55.4,6.93
277,saint-philippe,1,CA,1560211811,47,45.36,-73.48,80.6,5.82
278,sompeta,99,IN,1560211811,66,18.93,84.6,83.26,8.72
279,luanda,75,AO,1560211811,88,-8.83,13.24,73.4,4.7
280,dubuque,1,US,1560211809,29,42.5,-90.66,77.0,9.17
281,labuan,75,BN,1560211768,88,5.28,115.24,82.4,1.12
282,faanui,16,PF,1560211812,77,-16.48,-151.75,82.0,21.05
283,smithers,90,CA,1560211662,71,54.78,-127.17,57.2,2.24
284,san cristobal,75,EC,1560211812,87,-0.39,-78.55,59.0,9.17
285,hillsboro,1,US,1560211813,52,39.2,-83.61,70.0,18.34
286,magnitogorsk,96,RU,1560211813,72,53.42,58.98,62.6,8.95
287,phrae,40,TH,1560211813,74,18.14,100.15,80.6,4.7
288,cumberland,90,US,1560211602,88,41.97,-71.43,73.99,10.29
289,faya,20,SA,1560211814,43,18.39,42.45,73.4,5.82
290,yangjiang,100,CN,1560211814,85,21.85,111.96,81.64,2.98
291,baherden,0,TM,1560211814,28,38.44,57.43,62.38,6.85
292,tarko-sale,25,RU,1560211814,67,64.92,77.78,39.0,2.48
293,iberia,27,PE,1560211814,74,-11.41,-69.49,76.24,1.63
294,port hardy,90,CA,1560211815,87,50.7,-127.42,59.0,5.82
295,farmington,1,US,1560211543,19,36.73,-108.21,82.0,6.93
296,kosh-agach,64,RU,1560211815,67,49.99,88.66,45.28,0.63
297,qostanay,40,KZ,1560211815,88,53.17,63.58,62.6,11.18
298,lompoc,1,US,1560211786,77,34.64,-120.46,88.0,4.7
299,tirumullaivasal,100,IN,1560211816,54,11.24,79.84,87.04,12.1
300,itoman,90,JP,1560211816,94,26.12,127.67,78.8,9.17
301,tessalit,46,ML,1560211816,17,20.2,1.01,97.12,8.77
302,killybegs,3,IE,1560211816,88,54.63,-8.45,48.0,4.0
303,namatanai,72,PG,1560211816,72,-3.66,152.44,84.16,8.43
304,quelimane,0,MZ,1560211816,97,-17.88,36.89,64.18,2.82
305,jogindarnagar,1,IN,1560211817,20,31.98,76.77,81.1,12.06
306,bermeo,75,ES,1560211817,93,43.42,-2.72,55.99,2.24
307,ucluelet,40,CA,1560211562,72,48.94,-125.55,75.99,12.75
308,broken hill,0,AU,1560211817,58,-31.97,141.45,59.0,11.41
309,ploemeur,0,FR,1560211817,100,47.73,-3.43,53.01,3.36
310,nishihara,75,JP,1560211817,72,35.74,139.53,72.0,12.75
311,malm,40,NO,1560211818,93,64.07,11.22,52.0,2.95
312,fomboni,3,KM,1560211818,71,-12.28,43.74,80.92,18.48
313,dingle,100,PH,1560211619,60,11.0,122.67,86.45,7.9
314,manitouwadge,78,CA,1560211641,57,49.12,-85.84,59.81,3.65
315,virden,62,CA,1560211818,37,49.85,-100.93,66.88,5.3
316,ukiah,1,US,1560211818,13,39.15,-123.21,98.6,4.7
317,great yarmouth,100,GB,1560211818,93,52.61,1.73,57.0,16.11
318,chara,40,GR,1560211819,77,39.42,22.43,71.6,4.18
319,paracuru,40,BR,1560211819,74,-3.41,-39.03,82.4,16.11
320,ayagoz,2,KZ,1560211819,85,47.96,80.43,50.32,4.54
321,adrar,0,DZ,1560211819,5,27.87,-0.29,87.8,9.17
322,salalah,40,OM,1560211819,84,17.01,54.1,86.0,8.05
323,mukhen,100,RU,1560211820,93,48.19,136.14,54.28,7.99
324,medveditskiy,7,RU,1560211820,58,50.79,44.71,64.0,0.34
325,luruaco,75,CO,1560211820,83,10.61,-75.14,84.2,5.82
326,mago,58,RU,1560211820,77,53.27,140.15,43.66,9.1
327,kendari,100,ID,1560211820,94,-3.99,122.52,77.86,1.9
328,celestun,97,MX,1560211821,80,20.87,-90.4,84.7,13.87
329,ostrovnoy,100,RU,1560211602,94,68.05,39.51,37.67,16.4
330,kulhudhuffushi,100,MV,1560211821,79,6.62,73.07,83.8,18.37
331,lhokseumawe,100,ID,1560211821,69,5.18,97.15,73.0,4.14
332,uray,58,RU,1560211821,84,60.13,64.8,63.64,7.09
333,miri,99,NG,1560211821,64,10.31,9.75,78.76,6.13
334,leningradskiy,26,RU,1560211822,78,69.38,178.42,46.9,5.23
335,melville,40,CA,1560211822,35,50.93,-102.81,71.6,10.29
336,ganzhou,67,CN,1560211822,87,25.86,114.93,77.68,3.87
337,wasilla,1,US,1560211822,52,61.58,-149.44,73.0,7.2
338,ngunguru,68,NZ,1560211822,75,-35.62,174.5,61.0,1.01
339,katsuura,75,JP,1560211823,77,33.93,134.5,69.8,8.05
340,mangochi,0,MW,1560211823,94,-14.48,35.26,55.18,4.41
341,iquique,0,CL,1560211823,82,-20.22,-70.14,60.8,12.75
342,muyezerskiy,2,RU,1560211823,83,63.93,31.65,51.58,9.98
343,san benito,99,CO,1560211824,92,6.13,-73.51,66.88,3.13
344,ust-kuyga,23,RU,1560211824,22,70.0,135.55,78.76,16.15
345,road town,40,VG,1560211757,74,18.42,-64.62,84.2,8.05
346,am timan,94,TD,1560211824,69,11.04,20.28,82.0,3.94
347,lagoa,0,PT,1560211824,48,37.14,-8.45,64.4,17.22
348,toamasina,75,MG,1560211825,88,-18.17,49.38,73.4,11.41
349,teya,75,MX,1560211825,66,21.05,-89.07,87.8,13.87
350,ketchikan,90,US,1560211825,93,55.34,-131.65,53.6,17.22
351,kruisfontein,1,ZA,1560211825,95,-34.0,24.73,50.5,2.1
352,kollam,90,IN,1560211825,88,8.88,76.6,78.8,4.7
353,noumea,90,NC,1560211826,88,-22.28,166.46,68.0,1.12
354,cockburn town,37,TC,1560211555,82,21.46,-71.14,82.13,15.12
355,soderhamn,51,SE,1560211826,92,61.3,17.06,51.01,5.93
356,puerto rondon,91,CO,1560211826,90,6.28,-71.1,73.36,3.89
357,pingyin,0,CN,1560211826,29,36.28,116.45,84.52,5.93
358,itupiranga,0,BR,1560211826,83,-5.13,-49.33,78.8,3.47
359,nantucket,40,US,1560211826,88,41.28,-70.1,66.2,11.41
360,ostuacan,85,MX,1560211827,86,17.42,-93.3,81.46,2.91
361,malinovskiy,0,RU,1560211827,92,54.15,34.53,60.22,1.32
362,sagauli,34,IN,1560211827,52,26.78,84.73,85.42,9.24
363,talara,68,PE,1560211827,90,-4.58,-81.27,69.4,17.96
364,west bay,75,GB,1560211827,93,50.71,-2.76,50.0,12.75
365,muros,75,ES,1560211828,87,42.77,-9.06,60.01,3.36
366,impfondo,43,CD,1560211828,63,1.62,18.06,75.34,1.1
367,tulle,90,FR,1560211828,87,45.27,1.77,52.0,2.24
368,mercedes,92,UY,1560211828,89,-33.25,-58.03,63.46,6.8
369,camabatela,13,AO,1560211828,48,-8.19,15.37,62.02,0.43
370,kosonsoy,90,UZ,1560211829,76,41.25,71.55,57.2,6.93
371,lubango,0,AO,1560211829,33,-14.92,13.49,65.44,4.14
372,guerrero negro,0,MX,1560211829,73,27.97,-114.04,70.66,11.1
373,jining,55,CN,1560211829,20,35.41,116.58,91.99,5.53
374,kysyl-syr,100,RU,1560211829,90,63.9,122.77,59.68,8.97
375,suixi,86,CN,1560211830,42,33.92,116.76,79.66,5.66
376,mahebourg,75,MU,1560211830,83,-20.41,57.7,73.4,16.11
377,samarai,58,PG,1560211830,73,-10.62,150.67,80.38,6.89
378,rakiv lis,0,UA,1560211830,92,51.62,24.92,65.08,5.59
379,alyangula,46,AU,1560211830,83,-13.85,136.42,77.0,3.36
380,port alberni,75,CA,1560211830,52,49.24,-124.81,75.99,8.05
381,vrangel,0,RU,1560211831,63,42.73,133.08,65.8,4.25
382,dongzhen,20,CN,1560211831,56,43.33,129.73,64.54,4.07
383,provideniya,0,RU,1560211831,67,64.42,-173.23,57.2,8.95
384,praia,0,BR,1560211644,68,-20.25,-43.81,66.2,5.82
385,mineros,40,BO,1560211831,78,-17.12,-63.23,77.0,12.75
386,sakassou,20,CI,1560211831,100,7.45,-5.29,75.2,6.93
387,nadym,97,RU,1560211832,52,65.53,72.51,39.16,10.49
388,ahuimanu,20,US,1560211832,62,21.44,-157.84,87.8,10.29
389,medea,20,DZ,1560211832,88,36.27,2.77,64.4,3.36
390,port augusta,0,AU,1560211619,57,-32.49,137.76,51.01,5.82
391,komsomolsk,0,RU,1560211832,100,57.03,40.38,51.8,2.24
392,tazovskiy,19,RU,1560211832,80,67.47,78.7,32.86,7.96
393,novyy urengoy,28,RU,1560211833,66,66.08,76.63,33.4,4.29
394,nalobikha,47,RU,1560211833,91,53.2,84.6,54.28,8.95
395,mpika,0,ZM,1560211833,81,-11.84,31.4,53.2,10.76
396,konin,18,PL,1560211833,75,52.23,18.25,73.0,9.37
397,la rioja,0,AR,1560211833,88,-29.41,-66.86,49.78,3.58
398,nago,40,IT,1560211834,44,45.88,10.89,80.6,12.75
399,rio tercero,9,AR,1560211834,74,-32.17,-64.11,51.4,4.99
400,ngorongoro,1,TZ,1560211834,81,-3.24,35.49,61.84,13.4
401,amuntai,83,ID,1560211697,93,-2.42,115.25,77.63,0.47
402,araouane,3,ML,1560211834,10,18.9,-3.53,99.1,6.04
403,pacific grove,1,US,1560211821,33,36.62,-121.92,102.99,18.34
404,awbari,0,LY,1560211834,12,26.59,12.77,85.42,4.23
405,verkhovazhye,0,RU,1560211835,64,60.75,42.05,53.38,7.27
406,ondjiva,0,AO,1560211835,38,-17.07,15.73,57.7,7.16
407,manakara,16,MG,1560211835,86,-22.14,48.01,64.54,3.67
408,tabango,100,PH,1560211835,74,11.31,124.37,85.06,8.23
409,ewa beach,1,US,1560211755,62,21.32,-158.01,87.8,13.87
410,praia da vitoria,0,PT,1560211835,72,38.73,-27.07,64.4,7.02
411,fort morgan,1,US,1560211836,16,40.25,-103.8,78.8,16.11
412,jiwani,0,PK,1560211836,71,25.05,61.74,88.66,4.94
413,antofagasta,40,CL,1560211783,76,-23.65,-70.4,57.2,9.17
414,benemerito de las americas,97,MX,1560211836,69,16.52,-90.64,82.72,5.39
415,catemaco,40,MX,1560211836,79,18.42,-95.11,89.01,17.22
416,massaguet,0,TD,1560211836,69,12.48,15.44,82.4,8.05
417,coquimbo,0,CL,1560211837,87,-29.95,-71.34,57.0,8.05
418,iqaluit,40,CA,1560211837,86,63.75,-68.52,37.4,13.87
419,salinas,1,US,1560211834,33,36.67,-121.66,102.99,18.34
420,raduzhnyy,42,RU,1560211837,57,62.1,77.47,39.7,3.8
421,minot,1,US,1560211837,23,48.23,-101.3,75.2,14.99
422,zinder,10,NE,1560211838,23,13.81,8.99,92.08,2.08
423,lavrentiya,100,RU,1560211838,45,65.58,-170.99,61.84,6.98
424,neuquen,0,AR,1560211838,61,-38.95,-68.06,46.4,2.17
425,pisco,90,PE,1560211838,30,-13.71,-76.2,71.6,5.82
426,samoded,34,RU,1560211838,74,63.61,40.52,55.18,7.34
427,namchi,78,IN,1560211838,83,27.17,88.37,58.96,4.14
428,kashan,66,IR,1560211574,23,33.99,51.44,82.4,11.41
429,vanavara,88,RU,1560211839,63,60.35,102.28,61.12,5.91
430,sao joao do piaui,37,BR,1560211839,60,-8.36,-42.25,78.04,5.61
431,cochrane,49,CL,1560211839,91,-47.25,-72.57,26.2,3.02
432,sao filipe,15,CV,1560211653,86,14.9,-24.5,73.85,20.13
433,mackay,75,CA,1560211839,48,53.65,-115.58,60.8,16.11
434,yumen,18,CN,1560211840,34,40.29,97.04,72.1,17.56
435,eyl,100,SO,1560211840,54,7.98,49.82,83.08,21.54
436,rundu,0,NA,1560211840,44,-17.91,19.77,57.2,2.24
437,butembo,73,CD,1560211840,91,0.12,29.29,63.64,2.95
438,marsaxlokk,0,MT,1560211840,53,35.84,14.54,78.01,1.12
439,kyzyl-suu,86,KG,1560211840,66,42.34,78.0,51.04,6.87
440,sibolga,78,ID,1560211841,78,1.74,98.78,82.36,5.86
441,camacha,75,PT,1560211841,93,33.08,-16.33,68.0,14.99
442,morehead,20,US,1560211841,60,38.18,-83.43,71.6,10.29
443,lasa,75,CY,1560211623,77,34.92,32.53,69.8,4.7
444,puerto carreno,75,CO,1560211761,88,6.19,-67.49,78.8,5.99
445,norman wells,40,CA,1560211841,27,65.28,-126.83,73.4,19.46
446,halle,20,BE,1560211842,82,50.74,4.24,59.0,11.41
447,kardla,0,EE,1560211842,77,58.44,26.57,59.0,2.24
448,konotop,50,UA,1560211842,85,51.24,33.21,65.62,6.49
449,brokopondo,20,SR,1560211842,94,5.06,-54.98,78.8,4.7
450,khuzhir,100,RU,1560211842,90,53.19,107.35,56.98,7.0
451,gagnoa,66,CI,1560211843,99,6.13,-5.95,71.2,2.57
452,megali vrisi,20,GR,1560211843,78,35.13,25.02,73.99,9.17
453,shitanjing,100,CN,1560211843,24,39.23,106.34,82.0,3.0
454,kailua,20,US,1560211843,62,21.39,-157.74,87.8,10.29
455,vardo,90,US,1560211843,77,39.62,-77.74,71.01,3.36
456,shingu,75,JP,1560211843,100,33.72,135.99,66.2,4.7
457,tilichiki,72,RU,1560211845,67,60.47,166.1,49.24,7.74
458,port keats,58,AU,1560211845,62,-14.25,129.55,82.36,4.32
459,san rafael,0,AR,1560211670,50,-34.61,-68.33,48.47,6.85
460,moron,96,VE,1560211846,83,10.49,-68.2,78.58,2.55
461,iskateley,59,RU,1560211846,84,67.68,53.15,39.52,6.71
462,te anau,96,NZ,1560211846,90,-45.41,167.72,45.46,4.03
463,amnat charoen,59,TH,1560211847,72,15.86,104.63,83.08,11.88
464,bay roberts,90,CA,1560211847,75,47.58,-53.28,45.0,21.92
465,emerald,3,AU,1560211592,93,-23.53,148.16,66.99,2.24
466,taldan,35,RU,1560211847,57,53.69,124.82,62.92,5.5
467,macau,100,BR,1560211802,78,-5.11,-36.64,78.76,16.17
468,eutin,82,DE,1560211847,83,54.14,10.62,61.0,1.99
469,huambo,0,AO,1560211848,57,-12.78,15.73,53.02,2.77
470,duldurga,100,RU,1560211848,61,50.67,113.59,67.24,4.72
471,haines junction,24,CA,1560211626,30,60.75,-137.51,61.43,7.87
472,mount gambier,0,AU,1560211848,81,-37.83,140.78,50.0,10.29
473,pathein,99,MM,1560211848,88,16.78,94.73,79.84,11.59
474,filadelfia,100,PY,1560211848,44,-22.35,-60.04,80.74,10.94
475,naron,20,ES,1560211849,82,43.52,-8.15,55.4,1.12
476,muroto,75,JP,1560211849,77,33.37,134.14,69.8,4.7
477,tessaoua,20,NE,1560211849,28,13.76,7.99,95.86,6.26
478,santa rosa,14,AR,1560211852,36,-36.62,-64.29,48.52,5.93
479,bom jesus da lapa,31,BR,1560211852,56,-13.25,-43.41,75.7,6.04
480,vicosa,31,BR,1560211772,98,-20.75,-42.88,64.99,4.83
481,katherine,37,AU,1560211852,61,-14.47,132.26,78.8,9.17
482,kenai,20,US,1560211852,40,60.55,-151.26,71.6,6.93
483,pitimbu,75,BR,1560211853,94,-7.47,-34.81,77.0,10.29
484,zaysan,8,KZ,1560211853,69,47.47,84.87,52.12,7.54
485,sanming,72,CN,1560211853,92,26.24,117.6,73.54,2.59
486,college,75,US,1560211853,37,64.86,-147.8,71.6,4.7
487,soyo,39,AO,1560211853,84,-6.13,12.37,75.7,5.19
488,kerema,100,PG,1560211854,75,-7.96,145.78,83.62,4.16
489,usinsk,62,RU,1560211854,90,66.0,57.56,45.28,2.82
490,tonantins,47,BR,1560211854,96,-2.86,-67.77,74.44,1.14
491,dossor,0,KZ,1560211854,23,47.52,52.98,77.32,4.7
492,algiers,1,US,1560211716,52,29.94,-90.04,93.2,11.41
493,neiafu,75,TO,1560211679,88,-18.65,-173.98,78.8,6.93
494,laguna,5,MX,1560211855,30,27.52,-110.01,93.2,8.05
495,ginir,50,ET,1560211855,93,7.14,40.71,54.82,8.14
496,kopervik,0,NO,1560211855,87,59.28,5.31,50.0,6.93
497,diapaga,46,BF,1560211855,55,12.07,1.79,86.86,9.78
498,la palma,100,CO,1560211856,81,5.36,-74.39,74.26,2.44
499,zhangye,100,CN,1560211856,69,38.94,100.46,56.44,2.64
500,lahat,56,ID,1560211774,79,-3.78,103.55,71.69,2.51
501,northam,75,GB,1560211856,93,51.04,-4.21,52.0,10.29
502,kesova gora,7,RU,1560211857,75,57.58,37.3,54.64,3.87
503,fort nelson,75,CA,1560211857,71,58.81,-122.69,57.2,8.05
504,manzhouli,63,CN,1560211857,48,49.6,117.43,69.22,10.38
505,moyale,100,ET,1560211857,76,3.52,39.05,70.12,6.69
506,pandan,100,PH,1560211857,76,11.72,122.09,84.16,11.05
507,liaoyang,0,CN,1560211858,88,41.27,123.17,66.2,6.71
508,kibala,0,TD,1560211858,78,9.11,18.35,82.4,2.73
509,tayu,20,JP,1560211858,88,35.06,136.67,80.01,5.82
510,malartic,90,CA,1560211858,100,48.14,-78.13,60.8,14.99
511,oromocto,20,CA,1560211858,33,45.85,-66.47,73.4,6.93
512,baykit,99,RU,1560211859,92,61.68,96.39,44.74,9.6
513,keuruu,0,FI,1560211859,71,62.26,24.71,54.0,6.93
514,srednebelaya,75,RU,1560211859,93,50.66,128.01,59.0,8.95
515,ushtobe,40,KZ,1560211859,56,45.25,77.98,62.92,1.45
516,yima,100,CN,1560211859,44,34.75,111.87,72.1,6.22
517,talnakh,75,RU,1560211640,92,69.49,88.39,30.2,13.42
518,stykkisholmur,0,IS,1560211860,75,65.08,-22.73,46.72,6.04
519,denpasar,40,ID,1560211853,83,-8.65,115.22,78.8,1.12
520,aylesbury,100,GB,1560211860,100,51.82,-0.81,53.01,16.11
521,itarantim,15,BR,1560211860,97,-15.65,-40.06,66.16,4.23
522,maragogi,47,BR,1560211860,92,-9.01,-35.22,74.26,4.76
523,avera,40,US,1560211860,78,33.19,-82.53,84.2,3.87
524,mantua,40,IT,1560211861,44,45.16,10.79,80.6,12.75
525,paris,0,FR,1560211754,81,48.86,2.35,54.0,1.12
526,doha,0,QA,1560211861,46,25.29,51.53,91.4,3.36
527,brae,100,GB,1560211861,93,60.4,-1.35,48.2,9.17
528,mayaky,36,UA,1560211861,71,47.44,29.56,67.24,8.81
529,freeport,75,BS,1560211625,74,26.54,-78.7,86.0,9.17
530,flers,0,FR,1560211862,93,48.75,-0.57,46.99,6.93
531,ust-maya,46,RU,1560211621,40,60.42,134.54,61.79,10.25
532,namibe,0,AO,1560211862,74,-15.19,12.15,72.82,2.39
533,mulege,1,MX,1560211862,47,26.88,-111.98,86.86,8.3
534,lamu,99,ID,1560211862,78,0.57,122.3,80.02,2.17
535,mezen,21,RU,1560211862,78,65.85,44.24,55.0,12.86
536,sri aman,100,MY,1560211863,94,1.24,111.46,75.2,0.94
537,sao geraldo do araguaia,6,BR,1560211863,78,-6.4,-48.55,76.06,2.73
538,muzhi,86,RU,1560211863,74,65.4,64.7,46.18,5.82
539,marystown,85,CA,1560211661,77,47.17,-55.16,47.57,6.51
540,kango,46,GA,1560211863,93,0.19,10.1,72.46,2.26
541,biak,100,ID,1560211864,96,-0.91,122.88,68.14,2.01
542,bundaberg,1,AU,1560211864,88,-24.87,152.35,77.0,6.93
543,yabelo,100,ET,1560211864,91,4.89,38.09,60.58,3.02
544,port blair,100,IN,1560211864,78,11.67,92.75,85.24,25.72
545,briancon,83,FR,1560211864,96,44.9,6.65,64.99,1.01
546,lancaster,75,US,1560211819,94,40.04,-76.31,75.0,2.39
547,rodeo,39,MX,1560211865,31,25.18,-104.56,84.34,14.07
548,bolobo,1,CD,1560211865,61,-2.17,16.23,76.96,3.98
549,nelson bay,0,AU,1560211865,72,-32.72,152.14,68.0,11.41
550,phayakkhaphum phisai,40,TH,1560211865,100,15.52,103.19,78.8,9.17
551,tomatlan,100,MX,1560211866,68,19.93,-105.25,82.54,7.02
552,hambantota,100,LK,1560211866,81,6.12,81.12,83.8,16.37
553,zeya,10,RU,1560211866,49,53.74,127.27,62.56,3.71
554,kloulklubed,75,PW,1560211866,83,7.04,134.26,82.4,5.82
555,puerto escondido,40,MX,1560211866,66,15.86,-97.07,87.8,6.93
556,weiser,1,US,1560211867,20,44.25,-116.97,82.99,3.6
557,narok,52,KE,1560211867,94,-1.09,35.87,53.02,5.84
558,aranos,0,NA,1560211867,31,-24.14,19.11,58.78,10.22
559,kaduqli,96,SD,1560211867,61,11.01,29.72,81.46,3.8
560,urengoy,3,RU,1560211867,65,65.96,78.37,34.12,5.01
561,lazaro cardenas,75,MX,1560211867,77,28.39,-105.62,69.8,9.17
562,atambua,85,ID,1560211868,66,-9.11,124.89,81.64,11.39
563,erenhot,77,CN,1560211868,25,43.65,111.97,77.5,14.25
564,hanyang,100,CN,1560211868,88,32.14,105.51,68.14,7.05
